timestamp,mse
1630877435.60075,0.0064
1630877435.70071,0.0032
1630877435.80067,0.00213333333333333
1630877435.90063,0.0016
1630877436.00059,0.00128
1630877436.10055,0.00106666666666667
1630877436.20051,0.00115714285714286
1630877436.30047,0.0010125
1630877436.40043,0.0009
1630877436.50039,0.00081
1630877436.60035,0.000736363636363636
1630877436.70031,0.000675
1630877436.80027,0.000623076923076923
1630877436.90023,0.000714285714285714
1630877437.00019,0.000666666666666667
1630877437.10015,0.000625
1630877437.20011,0.000588235294117647
1630877437.30007,0.000555555555555556
1630877437.40003,0.000526315789473684
1630877437.49999,0.0005
1630877437.59995,0.000476190476190476
1630877437.70075,0.000454545454545455
1630877437.80071,0.000434782608695652
1630877437.90067,0.000416666666666667
1630877438.00063,0.0004
1630877438.10059,0.000384615384615385
1630877438.20055,0.00037037037037037
1630877438.30051,0.000357142857142857
1630877438.40047,0.000344827586206897
1630877438.50043,0.000333333333333333
1630877438.60039,0.00032258064516129
1630877438.70035,0.0003125
1630877438.80031,0.000303030303030303
1630877438.90027,0.000294117647058824
1630877439.00023,0.000285714285714286
1630877439.10019,0.000277777777777778
1630877439.20015,0.00027027027027027
1630877439.30011,0.000263157894736842
1630877439.40007,0.000256410256410256
1630877439.50003,0.00025
1630877439.59999,0.00024390243902439
1630877439.69995,0.000238095238095238
1630877439.80074,0.000188372093023256
1630877439.9007,0.000184090909090909
1630877440.00066,0.00018
1630877440.10062,0.000176086956521739
1630877440.20058,0.000172340425531915
1630877440.30054,0.00016875
1630877440.4005,0.00016530612244898
1630877440.50046,0.000162
1630877440.60042,0.000158823529411765
1630877440.70038,0.000155769230769231
1630877440.80034,0.000152830188679245
1630877440.9003,0.00015
1630877441.00026,0.000147272727272727
1630877441.10022,0.000144642857142857
1630877441.20018,0.000112280701754386
1630877441.30014,0.000110344827586207
1630877441.4001,0.000108474576271186
1630877441.50006,0.000106666666666667
1630877441.60002,0.000104918032786885
1630877441.69998,0.000103225806451613
1630877441.79994,0.000101587301587302
1630877441.90073,0.0001
1630877442.00069,9.84615384615385e-05
1630877442.10065,9.6969696969697e-05
1630877442.20061,9.55223880597015e-05
1630877442.30057,9.41176470588235e-05
1630877442.40053,9.27536231884058e-05
1630877442.50049,9.14285714285714e-05
1630877442.60045,9.01408450704225e-05
1630877442.70041,8.88888888888889e-05
1630877442.80037,8.76712328767123e-05
1630877442.90033,8.64864864864865e-05
1630877443.00029,8.53333333333333e-05
1630877443.10025,8.42105263157895e-05
1630877443.20021,8.31168831168831e-05
1630877443.30017,8.20512820512821e-05
1630877443.40013,8.10126582278481e-05
1630877443.50009,8e-05
1630877443.60005,7.90123456790123e-05
1630877443.70001,7.80487804878049e-05
1630877443.79997,7.71084337349398e-05
1630877443.89993,7.61904761904762e-05
1630877444.00073,7.52941176470588e-05
1630877444.10069,7.44186046511628e-05
1630877444.20065,7.35632183908046e-05
1630877444.30061,7.27272727272727e-05
1630877444.40057,7.19101123595506e-05
1630877444.50053,9.18931330759027e-05
1630877444.60049,9.78472334275787e-05
1630877444.70045,0.00011674171790706
1630877444.80041,0.000157974144286148
1630877444.90037,0.000222300078115829
1630877445.00033,0.000309379611950977
1630877445.10029,0.000422703282292986
1630877445.20025,0.000550485961128807
1630877445.30021,0.0006918133848829
1630877445.40017,0.000845879875586217
1630877445.50013,0.00102194058211986
1630877445.60009,0.00117750816785344
1630877445.70005,0.00130982184819186
1630877445.80001,0.00145298652867565
1630877445.89997,0.00161919207886263
1630877445.99993,0.000478772706963122
1630877446.10072,2.07903656973837e-05
1630877446.20068,0.000507682594442452
1630877446.30064,0.000640326843729355
1630877446.4006,0.000252810163976087
1630877446.50056,4.69019313647515e-06
1630877446.60052,0.000443048972543255
1630877446.70048,0.00103728119884255
1630877446.80044,0.00131034200943426
1630877446.9004,0.00114978698556872
1630877447.00036,0.000619485787139616
1630877447.10032,0.000144501826110622
1630877447.20028,9.98684557663012e-07
1630877447.30024,4.68616852511971e-05
1630877447.4002,0.000105959799906769
1630877447.50016,0.000152719075060758
1630877447.60012,0.000155788829826771
1630877447.70008,0.000153004298870863
1630877447.80004,0.000188070914650738
1630877447.9,0.000183933142127226
1630877447.99996,0.000201877807232663
1630877448.10075,0.000188598140671816
1630877448.20071,0.000220158372841402
1630877448.30067,0.000328847842470613
1630877448.40063,0.000365160026734943
1630877448.50059,0.000333532974936908
1630877448.60055,0.000360300549047045
1630877448.70051,0.000376072602291399
1630877448.80047,0.000392263005153365
1630877448.90043,0.000398014688008401
1630877449.00039,0.000394441143015031
1630877449.10035,0.000360118617323019
1630877449.20031,0.000303957661812912
1630877449.30027,0.000206429322834787
1630877449.40023,0.000118534362318114
1630877449.50019,5.01615402691445e-05
1630877449.60015,2.8027204241994e-05
1630877449.70011,3.49413947720473e-05
1630877449.80007,0.000101452802257862
1630877449.90003,0.000182713199893331
1630877449.99999,0.000226838607785042
1630877450.09995,0.000163430892786364
1630877450.20074,8.63141775327755e-05
1630877450.3007,4.91538858501555e-05
1630877450.40066,1.17846999531713e-05
1630877450.50062,2.99906649381112e-07
1630877450.60058,3.72461786649284e-07
1630877450.70054,4.46176959106064e-06
1630877450.8005,1.72271672088779e-05
1630877450.90046,3.4108208476379e-05
1630877451.00042,3.44361503866664e-05
1630877451.10038,4.9703153978169e-06
1630877451.20034,1.75427943105001e-09
1630877451.3003,1.61438647334682e-06
1630877451.40026,2.63935977567679e-07
1630877451.50022,1.50211587218713e-06
1630877451.60018,1.62793349231315e-06
1630877451.70014,6.06015982011442e-07
1630877451.8001,1.3810388293238e-07
1630877451.90006,2.7691504313541e-08
1630877452.00002,2.10687046072604e-06
1630877452.09998,3.1379177727171e-06
1630877452.19994,3.89163672592351e-07
1630877452.30074,1.0500078410384e-07
1630877452.4007,1.20202098452469e-06
1630877452.50066,1.76671874294568e-07
1630877452.60062,1.8037742625324e-06
1630877452.70058,1.37693877835356e-05
1630877452.80054,2.55544183540104e-05
1630877452.9005,2.27952857663322e-05
1630877453.00046,2.15530247684786e-05
1630877453.10042,2.78477426711035e-05
1630877453.20038,3.99149722361256e-05
1630877453.30034,1.33603348545504e-05
1630877453.4003,2.30746442225043e-06
1630877453.50026,9.74214735715918e-07
1630877453.60022,3.67811747810916e-06
1630877453.70018,1.65708830894021e-05
1630877453.80014,3.31277000478817e-05
1630877453.9001,5.27042378044729e-05
1630877454.00006,5.08950439120805e-05
1630877454.10002,3.30998270283055e-05
1630877454.19998,2.08454393005191e-05
1630877454.29994,1.17952515917727e-05
1630877454.40073,1.02041139601439e-05
1630877454.50069,8.22570078923775e-06
1630877454.60065,1.55079302595352e-06
1630877454.70061,5.38141584608973e-07
1630877454.80057,3.16857423882181e-06
1630877454.90053,4.1494481308821e-06
1630877455.00049,4.50497655418613e-06
1630877455.10045,2.45414827302291e-06
1630877455.20041,2.27658281593475e-07
1630877455.30037,1.3504043360765e-06
1630877455.40033,9.87985670019414e-06
1630877455.50029,2.30223382513016e-05
1630877455.60025,1.43308462387538e-05
1630877455.70021,5.94145790013279e-06
1630877455.80017,2.81992979086821e-06
1630877455.90013,2.65582503536239e-06
1630877456.00009,8.24976727226083e-06
1630877456.10005,7.46210805812818e-06
1630877456.20001,1.01933264229209e-05
1630877456.29997,8.90121377027293e-06
1630877456.39993,2.65859459010074e-06
1630877456.50072,4.06974795239551e-10
1630877456.60068,1.83363314541465e-07
1630877456.70064,1.58313221151203e-06
1630877456.8006,1.36244267846687e-06
1630877456.90056,2.591764546151e-07
1630877457.00052,2.62602967611321e-07
1630877457.10048,1.05807330138695e-08
1630877457.20044,5.22890300749157e-07
1630877457.3004,2.97840355023869e-08
1630877457.40036,3.24731909017993e-08
1630877457.50032,4.56117679532733e-07
1630877457.60028,9.43846195470896e-08
1630877457.70024,6.73554384278715e-06
1630877457.8002,2.53979699811792e-05
1630877457.90016,1.2174965656628e-05
1630877458.00012,1.10563631376917e-06
1630877458.10008,2.81921112275654e-07
1630877458.20004,3.7072675174441e-09
1630877458.3,7.23613799356635e-06
1630877458.39996,1.79640890868403e-05
1630877458.50076,3.16078205217396e-05
1630877458.60072,3.97579629959828e-05
1630877458.70068,4.09578281997191e-05
1630877458.80064,3.24483067115756e-05
1630877458.9006,3.28150252278998e-05
1630877459.00056,2.47389602852421e-05
1630877459.10052,9.65633481353437e-06
1630877459.20048,5.13771983657937e-06
1630877459.30044,8.1602120022779e-07
1630877459.4004,6.02025952119179e-08
1630877459.50036,1.45198070042014e-06
1630877459.60032,6.56822821083671e-07
1630877459.70028,3.18089901344368e-07
1630877459.80024,3.75126951212227e-08
1630877459.9002,6.95857497187301e-07
1630877460.00016,1.88078762581908e-06
1630877460.10012,3.67621619308734e-06
1630877460.20008,1.20703781734745e-06
1630877460.30004,4.47491095146205e-07
1630877460.4,1.20366528991391e-07
1630877460.49996,6.32512237378162e-07
1630877460.60075,1.13740879894621e-06
1630877460.70071,1.90117231537401e-06
1630877460.80067,5.09707117102787e-06
1630877460.90063,2.65121612157798e-06
1630877461.00059,1.5241150605172e-06
1630877461.10055,1.66703037004492e-05
1630877461.20051,2.92771706672018e-05
1630877461.30047,2.33248643086988e-05
1630877461.40043,1.5121679537074e-05
1630877461.50039,9.50760063341434e-06
1630877461.60035,2.82965136639285e-06
1630877461.70031,2.67627023233693e-06
1630877461.80027,1.12070151690277e-05
1630877461.90023,1.81481942249006e-05
1630877462.00019,1.50537790508454e-05
1630877462.10015,9.74853265473784e-06
1630877462.20011,5.67792557420033e-06
1630877462.30007,1.53734410987619e-06
1630877462.40003,4.91162348777683e-07
1630877462.49999,2.05876606549171e-07
1630877462.59995,9.32710427807854e-08
1630877462.70074,2.1332751327726e-06
1630877462.8007,3.32389605647208e-06
1630877462.90066,4.19369104076915e-08
1630877463.00062,2.99265504350059e-06
1630877463.10058,1.61300436060534e-05
1630877463.20054,1.76394798132409e-05
1630877463.3005,1.21704452982106e-05
1630877463.40046,7.66482918942968e-06
1630877463.50042,2.36232478157675e-06
1630877463.60038,6.9647303286197e-10
1630877463.70034,3.44768306746271e-06
1630877463.8003,7.84717351630339e-06
1630877463.90026,1.00857798657611e-05
1630877464.00022,3.92367241879698e-06
1630877464.10018,5.48060428199128e-10
1630877464.20014,4.88370890410973e-07
1630877464.3001,6.4021120220366e-08
1630877464.40006,1.4958936746308e-06
1630877464.50002,5.24860442396058e-06
1630877464.59998,7.72721874759597e-06
1630877464.69994,7.24278560485612e-06
1630877464.80074,4.10965243792609e-06
1630877464.9007,2.14358163265571e-06
1630877465.00066,6.9991419135506e-06
1630877465.10062,2.13320065971351e-05
1630877465.20058,1.69880520286599e-05
1630877465.30054,7.31355574022689e-06
1630877465.4005,1.02572212412114e-06
1630877465.50046,1.30547753644381e-06
1630877465.60042,7.86614965895778e-06
1630877465.70038,1.68754295136168e-05
1630877465.80034,1.32579947176867e-05
1630877465.9003,1.23955920495537e-06
1630877466.00026,7.11702175979932e-07
1630877466.10022,1.05989187820341e-06
1630877466.20018,7.48443122562032e-08
1630877466.30014,6.322389720117e-06
1630877466.4001,1.18051591575703e-05
1630877466.50006,1.31946182906228e-05
1630877466.60002,1.49757884951769e-05
1630877466.69998,1.27952443026001e-05
1630877466.79994,1.82445007635309e-05
1630877466.90073,1.75027923983088e-05
1630877467.00069,1.300938750295e-05
1630877467.10065,2.51426645847903e-06
1630877467.20061,1.87837060987832e-07
1630877467.30057,4.10830914726297e-09
1630877467.40053,9.07573807691053e-07
1630877467.50049,1.28103682601576e-06
1630877467.60045,1.59154577572457e-06
1630877467.70041,7.41422339740064e-06
1630877467.80037,1.55429779578498e-05
1630877467.90033,1.67958580957587e-05
1630877468.00029,6.94182565949807e-06
1630877468.10025,6.9717102830487e-07
1630877468.20021,4.75742420942265e-08
1630877468.30017,1.95997700850557e-06
1630877468.40013,1.72583761348591e-05
1630877468.50009,3.68362359726623e-05
1630877468.60005,2.65692869863618e-05
1630877468.70001,6.22671314614244e-06
1630877468.79997,1.0590814477966e-07
1630877468.89993,2.50942803492353e-06
1630877469.00072,1.12178955874315e-05
1630877469.10068,1.51774903306513e-05
1630877469.20064,1.43496148775866e-05
1630877469.3006,1.92239464704173e-05
1630877469.40056,2.74480911865883e-05
1630877469.50052,2.42669506214933e-05
1630877469.60048,1.00658944127543e-05
1630877469.70044,3.08070090364595e-06
1630877469.8004,1.89419483587288e-06
1630877469.90036,3.81224746409182e-06
1630877470.00032,2.02985324058775e-06
1630877470.10028,1.090143208083e-06
1630877470.20024,5.03074527423072e-07
1630877470.3002,2.48739788451381e-07
1630877470.40016,4.65110750913862e-07
1630877470.50012,8.31427240346119e-08
1630877470.60008,3.45568383340705e-06
1630877470.70004,7.19151989692925e-06
1630877470.8,3.73319016538615e-06
1630877470.89996,1.5573073153793e-07
1630877471.00075,2.02346835486804e-07
1630877471.10071,4.18928685905467e-06
1630877471.20067,5.73188982530596e-06
1630877471.30063,6.95731799516195e-08
1630877471.40059,1.91594287876038e-06
1630877471.50055,5.03799067158031e-06
1630877471.60051,4.6355443412666e-06
1630877471.70047,2.92209718295265e-06
1630877471.80043,7.10964994589751e-06
1630877471.90039,6.24847299388052e-06
1630877472.00035,3.6460083498916e-06
1630877472.10031,1.1010826654783e-06
1630877472.20027,4.7684211929779e-07
1630877472.30023,1.83592586857768e-06
1630877472.40019,8.7580401191413e-06
1630877472.50015,2.25422105078609e-05
1630877472.60011,3.36496399460792e-05
1630877472.70007,2.77831230527841e-05
1630877472.80003,5.63983917979558e-06
1630877472.89999,5.73030463396658e-09
1630877472.99995,4.41727993072877e-07
1630877473.10075,3.5664531636536e-07
1630877473.20071,1.21492156781667e-05
1630877473.30067,2.99442106372238e-05
1630877473.40063,2.3726684898897e-05
1630877473.50059,1.58936035898113e-05
1630877473.60055,9.89786883150302e-06
1630877473.70051,3.9705780536624e-06
1630877473.80047,3.52688798644007e-06
1630877473.90043,4.86852869243106e-06
1630877474.00039,7.97972776860805e-06
1630877474.10035,8.40140677453917e-06
1630877474.20031,9.61548631194339e-06
1630877474.30027,8.00642022253615e-06
1630877474.40023,1.24202915909496e-05
1630877474.50019,6.63529621879549e-06
1630877474.60015,5.13069489435985e-06
1630877474.70011,3.96189346190975e-06
1630877474.80007,8.03881889817542e-07
1630877474.90003,8.12220013290837e-07
1630877474.99999,3.07667626454784e-06
1630877475.09995,6.07673028260752e-06
1630877475.20074,2.63717445783276e-06
1630877475.3007,1.97979422178987e-07
1630877475.40066,1.6014720094926e-06
1630877475.50062,3.65867208587779e-07
1630877475.60058,2.96152961449837e-06
1630877475.70054,1.00627744586237e-05
1630877475.8005,9.67403542048021e-06
1630877475.90046,3.43666606118767e-06
1630877476.00042,3.02040838844608e-07
1630877476.10038,7.00254344894151e-06
1630877476.20034,1.64344048251875e-05
1630877476.3003,2.37606524788491e-05
1630877476.40026,2.06903400184116e-05
1630877476.50022,8.94546713405357e-06
1630877476.60018,1.53914762185349e-06
1630877476.70014,2.61320746491958e-07
1630877476.8001,1.44524826338869e-07
1630877476.90006,7.02178704492865e-08
1630877477.00002,6.26631017550792e-08
1630877477.09998,4.81536872443655e-08
1630877477.19994,2.89300163397999e-07
1630877477.30073,5.22595598117436e-07
1630877477.40069,2.06689390137792e-07
1630877477.50065,7.25889728684403e-08
1630877477.60061,7.87994239843586e-07
1630877477.70057,1.1619909137851e-06
1630877477.80053,8.77239832711949e-06
1630877477.90049,1.58586615019175e-05
1630877478.00045,1.29215628564244e-05
1630877478.10041,8.08240431764612e-06
1630877478.20037,2.94015679545081e-06
1630877478.30033,7.53696411159175e-08
1630877478.40029,1.02646875637347e-06
1630877478.50025,1.63091245578997e-06
1630877478.60021,2.22224794703393e-06
1630877478.70017,2.70350081115903e-07
1630877478.80013,7.26704187006134e-06
1630877478.90009,1.31918059270635e-05
1630877479.00005,7.73284272515613e-06
1630877479.10001,6.01519689704812e-06
1630877479.19997,4.67614239679392e-06
1630877479.29993,2.25846389107156e-06
1630877479.40073,7.48631589940349e-07
1630877479.50069,3.49953519836018e-11
1630877479.60065,1.29464091888589e-06
1630877479.70061,6.91007956618173e-06
1630877479.80057,1.20140292886583e-05
1630877479.90053,1.11986401445995e-05
1630877480.00049,2.63078967308002e-06
1630877480.10045,1.10616710906306e-10
1630877480.20041,7.74504985515276e-07
1630877480.30037,2.89208448859541e-06
1630877480.40033,2.52550665503111e-06
1630877480.50029,4.82594192783546e-07
1630877480.60025,6.58040422246033e-07
1630877480.70021,2.66818438784786e-06
1630877480.80017,5.72891322811531e-06
1630877480.90013,9.15206312742245e-06
1630877481.00009,7.98619524004729e-06
1630877481.10005,8.51273199383403e-07
1630877481.20001,4.56076742493207e-08
1630877481.29997,1.74110726980826e-07
1630877481.39993,6.53590622702154e-07
1630877481.50072,5.48706501493765e-07
1630877481.60068,1.3137965851101e-06
1630877481.70064,1.19243310249362e-06
1630877481.8006,9.427052147724e-07
1630877481.90056,2.96462406531268e-07
1630877482.00052,7.6845918194388e-08
1630877482.10048,9.31357425794474e-07
1630877482.20044,8.48401238322272e-08
1630877482.3004,2.32945589467443e-06
1630877482.40036,1.2363172849221e-05
1630877482.50032,2.6806914469694e-05
1630877482.60028,2.42274235777389e-05
1630877482.70024,4.85509749987368e-06
1630877482.8002,7.71723720425788e-07
1630877482.90016,5.31300336469932e-06
1630877483.00012,4.05036999376908e-06
1630877483.10008,1.87104212247824e-06
1630877483.20004,1.29491862839594e-07
1630877483.3,1.13063081442711e-08
1630877483.39996,7.4072649953837e-08
1630877483.50075,1.05576490777158e-07
1630877483.60071,3.66989692663981e-06
1630877483.70067,1.05299973877343e-05
1630877483.80063,5.53667357368384e-06
1630877483.90059,1.61672929297835e-06
1630877484.00055,7.99521857983982e-08
1630877484.10051,2.90272308886522e-08
1630877484.20047,1.25209827709811e-06
1630877484.30043,3.05815415252626e-06
1630877484.40039,1.26114142054233e-06
1630877484.50035,4.32075801059605e-08
1630877484.60031,1.02905249777667e-06
1630877484.70027,1.1023320893623e-05
1630877484.80023,1.28469828844075e-05
1630877484.90019,8.70955861139359e-06
1630877485.00015,2.67045017979088e-06
1630877485.10011,9.16970199134203e-07
1630877485.20007,5.73839359118415e-07
1630877485.30003,1.94729283759096e-07
1630877485.39999,3.51258902771135e-07
1630877485.49995,4.14335671626776e-07
1630877485.60075,1.83917948007714e-08
1630877485.70071,1.35549594469169e-06
1630877485.80067,2.93024382046059e-06
1630877485.90063,2.93758142563076e-06
1630877486.00059,1.57096056361532e-06
1630877486.10055,9.51218647213364e-09
1630877486.20051,1.94910701016514e-07
1630877486.30047,3.51958349625904e-07
1630877486.40043,8.27831193187417e-09
1630877486.50039,4.35425507634377e-07
1630877486.60035,4.68678681853241e-07
1630877486.70031,2.84195683795466e-06
1630877486.80027,1.64790127640005e-05
1630877486.90023,2.36203262156987e-05
1630877487.00019,2.33960480762112e-05
1630877487.10015,1.89843803089631e-05
1630877487.20011,1.54639753349664e-05
1630877487.30007,1.26490016453773e-05
1630877487.40003,9.95541336491453e-06
1630877487.49999,2.41222325534866e-06
1630877487.59995,6.77866471018648e-08
1630877487.70074,7.97583892799075e-09
1630877487.8007,6.31119835238847e-07
1630877487.90066,5.37187097142713e-07
1630877488.00062,4.59796284422088e-07
1630877488.10058,6.82549656091608e-08
1630877488.20054,7.73107291960322e-08
1630877488.3005,8.54686537791158e-08
1630877488.40046,1.54251262187207e-06
1630877488.50042,2.59163332555917e-06
1630877488.60038,1.24587558233421e-06
1630877488.70034,2.44794448092514e-06
1630877488.8003,2.07729339304854e-06
1630877488.90026,1.59823823095861e-06
1630877489.00022,1.38056966987549e-06
1630877489.10018,1.34585492929709e-07
1630877489.20014,1.4327448632363e-08
1630877489.3001,4.61909212989177e-08
1630877489.40006,3.53497842006461e-07
1630877489.50002,8.31146498725452e-07
1630877489.59998,7.71039682241234e-07
1630877489.69994,7.190075775089e-07
1630877489.80073,1.53429704263235e-07
1630877489.90069,6.15463230753671e-07
1630877490.00065,2.90341840544681e-06
1630877490.10061,1.72560317802607e-06
1630877490.20057,3.70661606906019e-07
1630877490.30053,5.09616538968079e-09
1630877490.40049,6.23553575930553e-10
1630877490.50045,3.37507317594855e-08
1630877490.60041,5.58403907769926e-09
1630877490.70037,4.37191849623458e-07
1630877490.80033,1.19756642569792e-06
1630877490.90029,2.12741312668795e-06
1630877491.00025,1.09355061082233e-06
1630877491.10021,1.65001322564135e-07
1630877491.20017,1.88087154257069e-06
1630877491.30013,4.50293287430598e-06
1630877491.40009,7.55836239156005e-06
1630877491.50005,1.06775208165646e-05
1630877491.60001,1.11143782216392e-05
1630877491.69997,5.02045266328745e-06
1630877491.79993,2.77131840548544e-06
1630877491.90072,1.22541890198061e-06
1630877492.00068,4.42937374778508e-08
1630877492.10064,2.99509673380926e-07
1630877492.2006,2.36175156811962e-06
1630877492.30056,4.02233306506805e-06
1630877492.40052,2.06789142969584e-05
1630877492.50048,0.000168512128176937
1630877492.60044,0.000773731874040133
1630877492.7004,0.00238055104633422
1630877492.80036,0.00546767956791914
1630877492.90032,0.00965441720172265
1630877493.00028,0.0133346882821784
1630877493.10024,0.0151657185227143
1630877493.2002,0.0149356268496506
1630877493.30016,0.0134321798651238
1630877493.40012,0.0114816574979923
1630877493.50008,0.00972239181418605
1630877493.60004,0.00811783708232242
1630877493.7,0.00638308106645118
1630877493.79996,0.00451983768998535
1630877493.90076,0.00289897749957755
1630877494.00072,0.00167183865989004
1630877494.10068,0.000872024078262187
1630877494.20064,0.000297420905210901
1630877494.3006,2.13068016394412e-05
1630877494.40056,2.95094271702931e-06
1630877494.50052,1.2431671389039e-05
1630877494.60048,0.000325834693711128
1630877494.70044,0.0012440380830951
1630877494.8004,0.00223688684732604
1630877494.90036,0.00237568688071247
1630877495.00032,0.00109435825560702
1630877495.10028,6.63704690848895e-10
1630877495.20024,0.00232630071344105
1630877495.3002,0.0113076570284618
1630877495.40016,0.027654000810424
1630877495.50012,0.0486680139427705
1630877495.60008,0.0705083419419587
1630877495.70004,0.0887087863624633
1630877495.8,0.101318495874728
1630877495.89996,0.107419061229245
1630877496.00075,0.109718946607772
1630877496.10071,0.116393089660194
1630877496.20067,0.136144339480772
1630877496.30063,0.161828897198854
1630877496.40059,0.178193604065509
1630877496.50055,0.171218069178403
1630877496.60051,0.141034507510146
1630877496.70047,0.0978357891143051
1630877496.80043,0.0553188677288829
1630877496.90039,0.0234450674099502
1630877497.00035,0.00609262416846922
1630877497.10031,0.000328714913027816
1630877497.20027,0.000522306797199029
1630877497.30023,0.00213380234758942
1630877497.40019,0.00282355801240926
1630877497.50015,0.00230456380310958
1630877497.60011,0.00117849457098272
1630877497.70007,0.000225577769810306
1630877497.80003,3.75317153614621e-05
1630877497.89999,0.000631529505760349
1630877497.99995,0.00164936443043376
1630877498.10074,0.00259691726524483
1630877498.2007,0.00306728240603415
1630877498.30066,0.00283402287484248
1630877498.40062,0.00206171160725672
1630877498.50058,0.00111540659578459
1630877498.60054,0.00038153287465279
1630877498.7005,3.73791162615876e-05
1630877498.80046,3.06429685189776e-05
1630877498.90042,0.00021713684674851
1630877499.00038,0.000440231931247099
1630877499.10034,0.000618326353141298
1630877499.2003,0.000681371513257099
1630877499.30026,0.000590924385753148
1630877499.40022,0.000437189798617306
1630877499.50018,0.000290717928468519
1630877499.60014,0.000180218307513804
1630877499.7001,8.60605019252129e-05
1630877499.80006,3.78929877330449e-05
1630877499.90002,1.904668804874e-05
1630877499.99998,1.13289494981135e-05
1630877500.09994,1.5082374123589e-05
1630877500.20074,2.57350712704989e-05
1630877500.3007,3.87034143967264e-05
1630877500.40066,5.78004704844477e-05
1630877500.50062,9.38671068717275e-05
1630877500.60058,0.000161143080303507
1630877500.70054,0.000258297536132667
1630877500.8005,0.000334954393710522
1630877500.90046,0.000369457455179317
1630877501.00042,0.000318975443651632
1630877501.10038,0.000267344556359697
1630877501.20034,0.000236714157549476
1630877501.3003,0.000219745241175932
1630877501.40026,0.000222935852670665
1630877501.50022,0.000223206876796986
1630877501.60018,0.000181959997232979
1630877501.70014,0.000151478300527093
1630877501.8001,0.000133866178205744
1630877501.90006,0.000118399795077262
1630877502.00002,0.000128552772700899
1630877502.09998,0.000137297945203572
1630877502.19994,0.000146137275356819
1630877502.30073,0.0001535728960408
1630877502.40069,0.000159682469797327
1630877502.50065,0.00016455903018427
1630877502.60061,0.000159958792373488
1630877502.70057,0.00014772852424401
1630877502.80053,0.000146699004630157
1630877502.90049,0.000145597322543616
1630877503.00045,0.000119323698564951
1630877503.10041,0.000114973477363849
1630877503.20037,0.000125468611104265
1630877503.30033,0.000133180256954205
1630877503.40029,0.000132077273503157
1630877503.50025,0.000115246120553392
1630877503.60021,0.000103019508613169
1630877503.70017,0.000107375361294548
1630877503.80013,0.000116745996204044
1630877503.90009,0.000117719448933815
1630877504.00005,0.000135627021945425
1630877504.10001,0.000188178004484488
1630877504.19997,0.000207968713499099
1630877504.29993,0.000205766312301977
1630877504.40072,0.00018525665794042
1630877504.50068,0.000150529582737682
1630877504.60064,0.000114130411786933
1630877504.7006,0.000100764386856096
1630877504.80056,0.000116081632073338
1630877504.90052,0.000138426732539936
1630877505.00048,0.000168135724359282
1630877505.10044,0.000194841890288103
1630877505.2004,0.000189000771438323
1630877505.30036,0.00018330870847804
1630877505.40032,0.000161148914041931
1630877505.50028,0.000134076808020339
1630877505.60024,0.000126690775971439
1630877505.7002,0.000120199993798995
1630877505.80016,0.000129836264594229
1630877505.90012,0.000130421233168009
1630877506.00008,0.000108350556142825
1630877506.10004,9.71861761690699e-05
1630877506.2,8.80049433695855e-05
1630877506.29996,7.38421880336882e-05
1630877506.40076,6.27572621666234e-05
1630877506.50072,5.88365219888907e-05
1630877506.60068,5.5619322823124e-05
1630877506.70064,6.35268905768017e-05
1630877506.8006,7.70250473368327e-05
1630877506.90056,8.82347482349649e-05
1630877507.00052,9.9207843957506e-05
1630877507.10048,8.87444355202449e-05
1630877507.20044,6.92702065071144e-05
1630877507.3004,5.94173430825624e-05
1630877507.40036,7.23688773451261e-05
1630877507.50032,8.42048555905262e-05
1630877507.60028,8.28644671146524e-05
1630877507.70024,8.15868092847683e-05
1630877507.8002,9.31291708508067e-05
1630877507.90016,0.000109696857328299
1630877508.00012,0.000117428314359051
1630877508.10008,0.000116812782022114
1630877508.20004,0.000107982749215179
1630877508.3,8.14019100675655e-05
1630877508.39996,5.59917198768411e-05
1630877508.50075,4.5494210622218e-05
1630877508.60071,4.54615094699679e-05
1630877508.70067,6.06287932289065e-05
1630877508.80063,7.59695102806882e-05
1630877508.90059,9.11006315521154e-05
1630877509.00055,7.8612058996521e-05
1630877509.10051,5.86054569213922e-05
1630877509.20047,4.31460042532683e-05
1630877509.30043,4.00380688912757e-05
1630877509.40039,4.7068898543829e-05
1630877509.50035,7.51217878363839e-05
1630877509.60031,9.7482381874072e-05
1630877509.70027,9.66275324405947e-05
1630877509.80023,9.17215747479843e-05
1630877509.90019,9.21832506778434e-05
1630877510.00015,9.22173807806218e-05
1630877510.10011,8.49907353062567e-05
1630877510.20007,7.67583671460499e-05
1630877510.30003,5.8958710730574e-05
1630877510.39999,4.97887308562491e-05
1630877510.49995,3.41533575260954e-05
1630877510.60074,2.68237131845184e-05
1630877510.7007,2.79840973661485e-05
1630877510.80066,2.83770247255593e-05
1630877510.90062,4.0850071999545e-05
1630877511.00058,5.30437812881713e-05
1630877511.10054,6.43582089037183e-05
1630877511.2005,5.30976841026092e-05
1630877511.30046,4.09414064036126e-05
1630877511.40042,3.6034253579071e-05
1630877511.50038,4.01100594240507e-05
1630877511.60034,5.2104197071588e-05
1630877511.7003,4.37763984780289e-05
1630877511.80026,4.24390164744378e-05
1630877511.90022,4.12297157864751e-05
1630877512.00018,3.21305645623668e-05
1630877512.10014,2.17927595116609e-05
1630877512.2001,2.35460837840619e-05
1630877512.30006,2.76642034936063e-05
1630877512.40002,3.07457791330866e-05
1630877512.49998,3.83832828397329e-05
1630877512.59994,3.68845531104895e-05
1630877512.70073,4.38978571910047e-05
1630877512.80069,4.5930997368311e-05
1630877512.90065,4.26909015595949e-05
1630877513.00061,4.86905256945616e-05
1630877513.10057,5.02803208714186e-05
1630877513.20053,4.31327280493704e-05
1630877513.30049,3.31579587803148e-05
1630877513.40045,2.51364980766154e-05
1630877513.50041,1.61925880435843e-05
1630877513.60037,1.18103016207559e-05
1630877513.70033,1.52488959358137e-05
1630877513.80029,2.17019819943755e-05
1630877513.90025,3.19134228040185e-05
1630877514.00021,4.26852859616487e-05
1630877514.10017,4.85373740849702e-05
1630877514.20013,3.67124184269105e-05
1630877514.30009,2.73286673334322e-05
1630877514.40005,1.44969991445862e-05
1630877514.50001,1.31045479395289e-05
1630877514.59997,1.1631924839099e-05
1630877514.69993,6.38362264843863e-06
1630877514.80073,3.19129738259987e-06
1630877514.90069,4.76295178866149e-06
1630877515.00065,1.51519854974147e-05
1630877515.10061,3.96257622513163e-05
1630877515.20057,5.41835224919652e-05
1630877515.30053,5.39628264940598e-05
1630877515.40049,5.00157651680018e-05
1630877515.50045,4.66148535371463e-05
1630877515.60041,4.36733547410461e-05
1630877515.70037,4.0414802628938e-05
1630877515.80033,2.94503918939953e-05
1630877515.90029,2.42917187380724e-05
1630877516.00025,2.35509441078344e-05
1630877516.10021,2.52572455173642e-05
1630877516.20017,3.73010135489328e-05
1630877516.30013,3.60347608784085e-05
1630877516.40009,2.7517591209057e-05
1630877516.50005,2.20794072356207e-05
1630877516.60001,2.04687973187314e-05
1630877516.69997,2.12439664579418e-05
1630877516.79993,1.66136679344075e-05
1630877516.90072,9.15626185016568e-06
1630877517.00068,7.75656207351654e-06
1630877517.10064,8.61221059651671e-06
1630877517.2006,1.33600389642249e-05
1630877517.30056,2.12586663172777e-05
1630877517.40052,2.92689790047932e-05
1630877517.50048,2.94597701677185e-05
1630877517.60044,2.39391154723086e-05
1630877517.7004,1.66772776158855e-05
1630877517.80036,5.78166986591169e-06
1630877517.90032,2.49058592029072e-06
1630877518.00028,3.32920910535367e-06
1630877518.10024,8.53323069711755e-06
1630877518.2002,1.75830118523743e-05
1630877518.30016,2.46530455642263e-05
1630877518.40012,1.91533298054801e-05
1630877518.50008,1.04253514788008e-05
1630877518.60004,2.61215402039778e-06
1630877518.7,1.01652784261185e-06
1630877518.79996,2.64673166670038e-06
1630877518.90075,9.53597359466585e-06
1630877519.00071,1.62293726184943e-05
1630877519.10067,2.424004629839e-05
1630877519.20063,3.97791375558447e-05
1630877519.30059,4.65159399345691e-05
1630877519.40055,3.20965122721744e-05
1630877519.50051,1.40211731837304e-05
1630877519.60047,5.79510526206733e-06
1630877519.70043,2.3032824695407e-06
1630877519.80039,2.70327656767653e-06
1630877519.90035,5.45353213999524e-06
1630877520.00031,8.50481260622807e-06
1630877520.10027,1.23031069875232e-05
1630877520.20023,1.64360499216318e-05
1630877520.30019,2.03176704947996e-05
1630877520.40015,2.7267402786625e-05
1630877520.50011,3.71965194936977e-05
1630877520.60007,3.5389096305922e-05
1630877520.70003,2.7280580148815e-05
1630877520.79999,1.85404894819499e-05
1630877520.89995,9.77650978984067e-06
1630877521.00075,2.99455641045158e-06
1630877521.10071,7.05906970228861e-07
1630877521.20067,1.13618531180113e-06
1630877521.30063,6.36653283211641e-06
1630877521.40059,1.16465250347709e-05
1630877521.50055,1.77163327479283e-05
1630877521.60051,1.60587668747103e-05
1630877521.70047,1.25371582719203e-05
1630877521.80043,1.13942984583153e-05
1630877521.90039,8.34329330869789e-06
1630877522.00035,5.84706599363157e-06
1630877522.10031,2.80817920710009e-06
1630877522.20027,5.78216023580912e-07
1630877522.30023,2.07695824715451e-09
1630877522.40019,4.97886538371015e-07
1630877522.50015,2.27115848805348e-06
1630877522.60011,4.78081895891208e-06
1630877522.70007,6.11346531967698e-06
1630877522.80003,4.35362391030717e-06
1630877522.89999,2.32843229955237e-06
1630877522.99995,1.00894870554923e-06
1630877523.10074,1.30083289198756e-06
1630877523.2007,1.45695740854484e-06
1630877523.30066,1.59991040309758e-06
1630877523.40062,1.72931868161227e-06
1630877523.50058,2.87476171349719e-06
1630877523.60054,5.5406327942449e-06
1630877523.7005,8.45083859979295e-06
1630877523.80046,9.50743373271567e-06
1630877523.90042,8.64846847572508e-06
1630877524.00038,5.04789144667157e-06
1630877524.10034,6.84045214881171e-06
1630877524.2003,7.96115097911315e-06
1630877524.30026,1.10535239647614e-05
1630877524.40022,1.66167852099476e-05
1630877524.50018,2.48146695422318e-05
1630877524.60014,1.72665395957871e-05
1630877524.7001,1.02934487188901e-05
1630877524.80006,6.00626362959055e-06
1630877524.90002,4.36966404318239e-06
1630877524.99998,1.95596816906961e-06
1630877525.09994,1.20115760346295e-06
1630877525.20073,1.38218695074201e-06
1630877525.30069,3.27117607071169e-06
1630877525.40065,5.4762876559625e-06
1630877525.50061,3.75722793255942e-06
1630877525.60057,4.91674034114709e-07
1630877525.70053,2.51061803527796e-11
1630877525.80049,6.64326015017817e-07
1630877525.90045,2.13134701758729e-06
1630877526.00041,3.14525444488962e-06
1630877526.10037,4.14700305417785e-06
1630877526.20033,2.69762295075649e-06
1630877526.30029,1.05555517858994e-06
1630877526.40025,7.09353807775876e-07
1630877526.50021,4.09318282110741e-07
1630877526.60017,5.67601982989339e-07
1630877526.70013,2.14241612162855e-06
1630877526.80009,3.00225486766799e-06
1630877526.90005,2.81309531637204e-06
1630877527.00001,1.14451318434326e-06
1630877527.09997,3.73557922981632e-07
1630877527.19993,2.10246695668541e-06
1630877527.30073,4.24473594814613e-06
1630877527.40069,6.8826166227056e-06
1630877527.50065,7.63876080718053e-06
1630877527.60061,1.02612050686094e-05
1630877527.70057,9.05077354181316e-06
1630877527.80053,4.96796228773619e-06
1630877527.90049,4.50115868323073e-06
1630877528.00045,3.90035968342274e-06
1630877528.10041,6.26089949882068e-06
1630877528.20037,1.03548442744828e-05
1630877528.30033,8.2725805594656e-06
1630877528.40029,5.51555264125106e-06
1630877528.50025,6.77298826506729e-06
1630877528.60021,4.43744621461404e-06
1630877528.70017,4.24456859762279e-06
1630877528.80013,3.67395654448478e-06
1630877528.90009,3.02299109777133e-06
1630877529.00005,9.57008360517065e-07
1630877529.10001,4.35435286436009e-07
1630877529.19997,1.3497120839887e-08
1630877529.29993,6.64655730773281e-07
1630877529.40072,3.82918245373651e-06
1630877529.50068,7.22491013627256e-06
1630877529.60064,4.59155376054614e-06
1630877529.7006,4.20725325963225e-06
1630877529.80056,3.68353144938234e-06
1630877529.90052,3.06892027608678e-06
1630877530.00048,3.72204846849696e-06
1630877530.10044,3.05443824480476e-06
1630877530.2004,3.65704825005601e-06
1630877530.30036,4.18074773571753e-06
1630877530.40032,3.32670194583049e-06
1630877530.50028,9.60795413460746e-07
1630877530.60024,1.1315186346337e-07
1630877530.7002,7.2064021152113e-07
1630877530.80016,1.00349774751851e-06
1630877530.90012,6.41459286293691e-08
1630877531.00008,2.54149999016014e-08
1630877531.10004,1.28259597557633e-07
1630877531.2,5.45182034354975e-07
1630877531.29996,1.09803642969495e-06
1630877531.40075,1.26220157880297e-06
1630877531.50071,9.59441409834802e-08
1630877531.60067,1.69051291364294e-06
1630877531.70063,5.93033718912943e-06
1630877531.80059,5.28056915825222e-06
1630877531.90055,3.43928898606785e-06
1630877532.00051,1.09211224715501e-09
1630877532.10047,2.63105042445697e-06
1630877532.20043,2.22085401003779e-06
1630877532.30039,3.5705966030567e-07
1630877532.40035,2.36291806773916e-07
1630877532.50031,4.18707774704032e-06
1630877532.60027,9.23016928372778e-06
1630877532.70023,7.17859421693894e-06
1630877532.80019,4.58735907020818e-06
1630877532.90015,5.15608182171162e-06
1630877533.00011,4.20760165525596e-06
1630877533.10007,1.60586345000071e-06
1630877533.20003,8.47510992529707e-07
1630877533.29999,7.17838614244511e-07
1630877533.39995,2.63070714796781e-07
1630877533.50074,2.50126270823022e-07
1630877533.6007,2.39068696803326e-07
1630877533.70066,4.40781154704246e-08
1630877533.80062,5.5015685138818e-10
1630877533.90058,4.69132823976074e-08
1630877534.00054,1.79769641526483e-07
1630877534.1005,7.60267637550674e-08
1630877534.20046,5.78275933865723e-07
1630877534.30042,4.94430281791877e-06
1630877534.40038,1.01328783677711e-05
1630877534.50034,1.00798755076462e-05
1630877534.6003,5.29445048001466e-06
1630877534.70026,3.50563923802015e-06
1630877534.80022,2.97503379269454e-06
1630877534.90018,1.50781025870323e-06
1630877535.00014,2.48883276883545e-09
1630877535.1001,1.94409400508015e-06
1630877535.20006,3.73839811297988e-06
1630877535.30002,9.72648114410272e-07
1630877535.39998,2.32721876190795e-06
1630877535.49994,1.1058990815933e-05
1630877535.60074,1.21976680934594e-05
1630877535.7007,4.98398353100977e-06
1630877535.80066,1.28773159708423e-07
1630877535.90062,1.48637391691869e-06
1630877536.00058,4.42020204506551e-06
1630877536.10054,5.28652205361316e-06
1630877536.2005,2.56151352518237e-06
1630877536.30046,5.56892638642645e-07
1630877536.40042,5.8324946825062e-06
1630877536.50038,1.07692265472769e-05
1630877536.60034,1.02406236689287e-05
1630877536.7003,6.43024962869961e-06
1630877536.80026,1.24879117680366e-06
1630877536.90022,2.44793531202528e-07
1630877537.00018,3.46449310757301e-08
1630877537.10014,3.65459219928507e-08
1630877537.2001,4.18360081263351e-07
1630877537.30006,2.44634720998201e-06
1630877537.40002,4.04025549069346e-06
1630877537.49998,8.96769602368629e-07
1630877537.59994,1.14886359581686e-06
1630877537.70073,7.45383190380047e-06
1630877537.80069,1.32513318443027e-05
1630877537.90065,1.74607227823162e-05
1630877538.00061,1.02456776707269e-05
1630877538.10057,4.2041414377306e-06
1630877538.20053,5.06087756436886e-07
1630877538.30049,4.25263540891492e-08
1630877538.40045,1.05542436452895e-06
1630877538.50041,7.97713808395893e-11
1630877538.60037,1.99435086300292e-06
1630877538.70033,3.07088725206644e-06
1630877538.80029,1.53860385570692e-06
1630877538.90025,4.0433252038933e-07
1630877539.00021,1.62185743573876e-08
1630877539.10017,5.19298356583878e-08
1630877539.20013,1.00471042213187e-07
1630877539.30009,4.32708869086038e-07
1630877539.40005,3.45543724176082e-07
1630877539.50001,9.26734214997079e-12
1630877539.59997,6.36914672270408e-07
1630877539.69993,1.45544590494099e-06
1630877539.80072,8.5097769300574e-07
1630877539.90068,1.31018558716199e-07
1630877540.00064,1.45878348034823e-08
1630877540.1006,1.8651438593424e-06
1630877540.20056,2.36088334870594e-06
1630877540.30052,2.969479395005e-06
1630877540.40048,2.60884582605819e-06
1630877540.50044,3.16914828464391e-06
1630877540.6004,2.57639798985407e-06
1630877540.70036,1.30476730689803e-06
1630877540.80032,1.11140557450286e-06
1630877540.90028,9.53879786399249e-07
1630877541.00024,8.56246439485639e-08
1630877541.1002,1.11925887084308e-07
1630877541.20016,3.08883117111788e-07
1630877541.30012,1.52698883901347e-08
1630877541.40008,6.05221834376921e-08
1630877541.50004,1.26910253601434e-06
1630877541.6,3.66810051466523e-06
1630877541.69996,5.58784538021293e-06
1630877541.80076,4.50311915088874e-06
1630877541.90072,2.72256403104343e-06
1630877542.00068,4.63440945411199e-07
1630877542.10064,5.27555914738342e-09
1630877542.2006,5.24334164142931e-08
1630877542.30056,3.12106281190146e-08
1630877542.40052,1.6370516533322e-08
1630877542.50048,8.99878082546917e-07
1630877542.60044,2.67896971111507e-06
1630877542.7004,3.80310921654337e-06
1630877542.80036,2.0447239295521e-06
1630877542.90032,5.98177262076219e-07
1630877543.00028,7.46009813850674e-09
1630877543.10024,8.16613941792058e-07
1630877543.2002,1.90069913709871e-06
1630877543.30016,8.22590760989396e-07
1630877543.40012,7.2019603184534e-08
1630877543.50008,1.70376792562651e-06
1630877543.60004,1.96714408516855e-06
1630877543.7,8.39173077120925e-07
1630877543.79996,5.89086576606864e-08
1630877543.90075,1.06934209720283e-07
1630877544.00071,1.22935090116524e-06
1630877544.10067,2.26780225970816e-06
1630877544.20063,2.48309395172976e-06
1630877544.30059,2.63979141016978e-06
1630877544.40055,1.95895123815147e-06
1630877544.50051,4.12090832979583e-07
1630877544.60047,9.35883792763206e-08
1630877544.70043,3.09502676030059e-06
1630877544.80039,7.43585577744122e-06
1630877544.90035,9.42463155018703e-06
1630877545.00031,6.19714331484633e-06
1630877545.10027,1.2771686279267e-06
1630877545.20023,3.34093101440966e-07
1630877545.30019,2.26180316343911e-06
1630877545.40015,3.11017476735476e-06
1630877545.50011,2.1297031288502e-06
1630877545.60007,1.41677386801814e-06
1630877545.70003,4.23920147173164e-07
1630877545.79999,1.94315971347656e-07
1630877545.89995,8.99861052536488e-08
1630877546.00074,1.78496489903826e-07
1630877546.1007,7.6773079216545e-08
1630877546.20066,2.12882178361195e-07
1630877546.30062,1.27945306616314e-06
1630877546.40058,1.31048359097297e-06
1630877546.50054,3.09643046727643e-07
1630877546.6005,3.69003041314667e-08
1630877546.70046,6.6739183053455e-07
1630877546.80042,7.63196208888644e-07
1630877546.90038,2.34935251245996e-08
1630877547.00034,6.47973879643278e-07
1630877547.1003,2.91898557542383e-06
1630877547.20026,6.10140209049775e-06
1630877547.30022,1.8112401429143e-05
1630877547.40018,2.35376935447611e-05
1630877547.50014,1.82679281107251e-05
1630877547.6001,1.03249177666956e-05
1630877547.70006,4.00715082290919e-06
1630877547.80002,3.20281074220668e-08
1630877547.89998,4.0827612209287e-06
1630877547.99994,6.29935630073486e-06
1630877548.10074,4.62804471963813e-06
1630877548.2007,5.41597174159666e-07
1630877548.30066,1.72388227115613e-06
1630877548.40062,6.43347917299414e-06
1630877548.50058,9.6195702467589e-06
1630877548.60054,7.90766353369976e-06
1630877548.7005,2.13293372853756e-06
1630877548.80046,5.42809591473786e-08
1630877548.90042,6.5954089765791e-07
1630877549.00038,5.72849435866632e-08
1630877549.10034,1.57768094104805e-06
1630877549.2003,3.8822984293947e-06
1630877549.30026,4.07593026560739e-06
1630877549.40022,1.00723631000904e-06
1630877549.50018,8.15320590487217e-07
1630877549.60014,2.91551021579398e-06
1630877549.7001,1.25838794107994e-06
1630877549.80006,1.75423718614836e-08
1630877549.90002,3.34941647681308e-06
1630877549.99998,6.0707893463962e-06
1630877550.09994,3.7822985768641e-06
1630877550.20073,1.00008284175922e-06
1630877550.30069,4.89171926540987e-07
1630877550.40065,2.27693381811415e-08
1630877550.50061,3.11836972918791e-07
1630877550.60057,1.3203934153076e-06
1630877550.70053,8.99878606199784e-08
1630877550.80049,4.55346021422044e-07
1630877550.90045,5.46274543859814e-06
1630877551.00041,8.66467493667629e-06
1630877551.10037,7.03858998726294e-06
1630877551.20033,3.61111585176727e-06
1630877551.30029,8.45262449686638e-07
1630877551.40025,2.4883217033828e-07
1630877551.50021,1.95569059822721e-06
1630877551.60017,2.72339958104938e-06
1630877551.70013,5.20215934063597e-07
1630877551.80009,3.25501159524862e-07
1630877551.90005,1.36800660821632e-06
1630877552.00001,2.03884080962763e-06
1630877552.09997,2.70303768696493e-06
1630877552.19993,3.32392966901256e-06
1630877552.30072,4.06095748406359e-06
1630877552.40068,3.53602645167789e-06
1630877552.50064,9.51985767119525e-07
1630877552.6006,4.49205659063868e-08
1630877552.70056,4.30698436681995e-09
1630877552.80052,1.06632338648293e-08
1630877552.90048,1.86367227246485e-08
1630877553.00044,4.4728622770381e-08
1630877553.1004,1.22532478066291e-06
1630877553.20036,3.46905659591896e-06
1630877553.30032,5.05696505940372e-06
1630877553.40028,8.165673336755e-06
1630877553.50024,6.6443256434212e-06
1630877553.6002,3.38336054749293e-06
1630877553.70016,2.12055863305616e-06
1630877553.80012,1.17535788023438e-06
1630877553.90008,1.58188624128626e-06
1630877554.00004,8.00326735306675e-08
1630877554.1,2.94641003430483e-07
1630877554.19996,4.92286361387726e-07
1630877554.30075,2.44515788254002e-07
1630877554.40071,2.19076327876417e-07
1630877554.50067,8.98913620465839e-07
1630877554.60063,7.3946003380893e-07
1630877554.70059,3.399440051188e-07
1630877554.80055,3.69589262483225e-09
1630877554.90051,5.4076904101763e-07
1630877555.00047,2.5512956976476e-06
1630877555.10043,6.59270162216042e-06
1630877555.20039,5.13996220813533e-06
1630877555.30035,2.43194028470247e-06
1630877555.40031,8.33012801433539e-07
1630877555.50027,1.47260932975734e-08
1630877555.60023,4.00277088341e-07
1630877555.70019,1.1347766884299e-06
1630877555.80015,3.82355378910067e-06
1630877555.90011,2.51895938876978e-06
1630877556.00007,2.37608650258684e-07
1630877556.10003,1.63320152707821e-07
1630877556.19999,8.35409157436504e-07
1630877556.29995,7.8537592309509e-08
1630877556.40075,5.49967810230741e-07
1630877556.50071,6.80862575796936e-07
1630877556.60067,2.55824859044222e-08
1630877556.70063,1.4915450408816e-06
1630877556.80059,5.68038059369277e-06
1630877556.90055,5.46802786252381e-06
1630877557.00051,3.25060847486629e-06
1630877557.10047,3.25960024978173e-07
1630877557.20043,9.9887014882019e-07
1630877557.30039,1.58868353655724e-06
1630877557.40035,1.69375826840823e-07
1630877557.50031,1.08138546194882e-06
1630877557.60027,2.23547309331243e-06
1630877557.70023,1.42760457372411e-06
1630877557.80019,1.50557479636269e-06
1630877557.90015,2.10807672139669e-06
1630877558.00011,1.3384729488381e-06
1630877558.10007,1.45402411710976e-07
1630877558.20003,2.6501113979435e-10
1630877558.29999,1.79336963756442e-09
1630877558.39995,1.70128761939512e-07
1630877558.50074,2.26435445926083e-07
1630877558.6007,7.83634764969369e-08
1630877558.70066,4.94476044721351e-07
1630877558.80062,3.31872971108434e-06
1630877558.90058,5.21317376967247e-06
1630877559.00054,5.67922473156612e-06
1630877559.1005,3.91904144278087e-06
1630877559.20046,1.82311607880445e-06
1630877559.30042,2.8389329403528e-07
1630877559.40038,7.18263014659606e-09
1630877559.50034,5.75978313969864e-07
1630877559.6003,3.27753277606556e-06
1630877559.70026,5.80537036767291e-06
1630877559.80022,3.61949404886294e-06
1630877559.90018,3.21789207062611e-06
1630877560.00014,2.127705717141e-06
1630877560.1001,1.99647198452952e-06
1630877560.20006,2.45609823796294e-06
1630877560.30002,3.90072255990297e-06
1630877560.39998,4.11861428284923e-06
1630877560.49994,2.52430555696877e-06
1630877560.60073,1.03364819547298e-06
1630877560.70069,1.67365757142331e-06
1630877560.80065,2.19901935978667e-06
1630877560.90061,2.6853949217084e-06
1630877561.00057,9.26064927191212e-07
1630877561.10053,5.09810030620652e-07
1630877561.20049,9.64581213746483e-07
1630877561.30045,2.21912598022335e-06
1630877561.40041,3.66866789001558e-06
1630877561.50037,4.30622511130653e-06
1630877561.60033,2.84205969538912e-06
1630877561.70029,1.71472190595033e-06
1630877561.80025,1.50298931852014e-06
1630877561.90021,4.017459727447e-07
1630877562.00017,1.72129076040053e-07
1630877562.10013,1.46181467268719e-07
1630877562.20009,1.58210052968463e-07
1630877562.30005,8.63774984911888e-07
1630877562.40001,1.2990411061979e-06
1630877562.49997,6.35416094556022e-07
1630877562.59993,5.0873387402816e-08
1630877562.70073,2.43042667860758e-07
1630877562.80069,8.11474678859022e-07
1630877562.90065,2.44018809671057e-06
1630877563.00061,4.27775756945689e-06
1630877563.10057,6.15641941189347e-06
1630877563.20053,9.830979540668e-06
1630877563.30049,9.66306902515704e-06
1630877563.40045,8.23640588731898e-06
1630877563.50041,8.3154754327935e-06
1630877563.60037,9.39663258144087e-06
1630877563.70033,1.58923348887165e-05
1630877563.80029,2.75372173018322e-05
1630877563.90025,3.59130484522499e-05
1630877564.00021,4.07162706665251e-05
1630877564.10017,3.48999077630909e-05
1630877564.20013,1.96146978523906e-05
1630877564.30009,1.0103401909506e-05
1630877564.40005,6.31672679782458e-06
1630877564.50001,4.62661798523429e-06
1630877564.59997,2.3467854362979e-06
1630877564.69993,9.52329022031358e-07
1630877564.80072,5.04482110167003e-07
1630877564.90068,3.15217308759755e-08
1630877565.00064,1.19169859310384e-07
1630877565.1006,9.20656189878894e-08
1630877565.20056,2.82625873110409e-07
1630877565.30052,2.24588221002558e-06
1630877565.40048,6.8436214214205e-06
1630877565.50044,1.67186943951865e-05
1630877565.6004,3.15733516279209e-05
1630877565.70036,4.09647729770222e-05
1630877565.80032,4.03525933904335e-05
1630877565.90028,3.97717164688107e-05
1630877566.00024,3.86786678580878e-05
1630877566.1002,2.57566433111481e-05
1630877566.20016,1.49950327017098e-05
1630877566.30012,1.69348319624464e-05
1630877566.40008,2.38063797680351e-05
1630877566.50004,4.23014724027631e-05
1630877566.6,6.56408238873633e-05
1630877566.69996,6.6929481211368e-05
1630877566.80075,4.92512134447544e-05
1630877566.90071,3.96447984011498e-05
1630877567.00067,3.77415045263666e-05
1630877567.10063,5.26222315018109e-05
1630877567.20059,5.8146838571227e-05
1630877567.30055,5.48945171856345e-05
1630877567.40051,4.54174244860302e-05
1630877567.50047,3.19030034176074e-05
1630877567.60043,1.77055584534038e-05
1630877567.70039,1.03695289132473e-05
1630877567.80035,1.71569457109381e-05
1630877567.90031,3.41993633660293e-05
1630877568.00027,5.29207023843432e-05
1630877568.10023,6.9035719452439e-05
1630877568.20019,8.03612948696308e-05
1630877568.30015,6.72307144991648e-05
1630877568.40011,5.72155960316119e-05
1630877568.50007,5.23010502871057e-05
1630877568.60003,5.12169382609548e-05
1630877568.69999,4.2483338472353e-05
1630877568.79995,2.96685754371206e-05
1630877568.90075,2.29913958531727e-05
1630877569.00071,1.53036976041374e-05
1630877569.10067,9.93898792203443e-06
1630877569.20063,5.16077453742143e-06
1630877569.30059,6.2035081512831e-06
1630877569.40055,8.1773260857921e-06
1630877569.50051,1.02709823103904e-05
1630877569.60047,1.24550061393269e-05
1630877569.70043,1.4707552842809e-05
1630877569.80039,1.12136307140485e-05
1630877569.90035,1.02504689929324e-05
1630877570.00031,9.16874464484319e-06
1630877570.10027,8.25706854040766e-06
1630877570.20023,6.06895989967171e-06
1630877570.30019,1.67504548881704e-06
1630877570.40015,1.82642999098306e-07
1630877570.50011,3.55744407198802e-07
1630877570.60007,7.057237257465e-08
1630877570.70003,5.72249941289681e-07
1630877570.79999,6.1679322655979e-06
1630877570.89995,2.6766457603501e-05
1630877571.00074,3.41136004105948e-05
1630877571.1007,2.73359926183849e-05
1630877571.20066,3.82173299790539e-06
1630877571.30062,1.09441964417473e-06
1630877571.40058,1.17137426389641e-05
1630877571.50054,1.03422846898694e-05
1630877571.6005,4.22376577427097e-06
1630877571.70046,7.95413078508063e-08
1630877571.80042,4.16651812080082e-06
1630877571.90038,1.45829445072087e-05
1630877572.00034,1.70334604253489e-05
1630877572.1003,2.19896126319117e-05
1630877572.20026,2.38281093666914e-05
1630877572.30022,2.05168873228004e-05
1630877572.40018,1.55811611171582e-05
1630877572.50014,1.73789531524968e-05
1630877572.6001,1.0913656884573e-05
1630877572.70006,5.43971975068441e-06
1630877572.80002,3.15421212373135e-06
1630877572.89998,3.95360070030686e-06
1630877572.99994,4.50341631259987e-06
1630877573.10073,7.42914898206791e-06
1630877573.20069,8.98817873564847e-06
1630877573.30065,7.39564014267133e-06
1630877573.40061,3.05920712615571e-06
1630877573.50057,4.85308341305689e-07
1630877573.60053,5.39357285725023e-08
1630877573.70049,6.00115965652877e-08
1630877573.80045,3.73054148441598e-09
1630877573.90041,1.07301720566653e-07
1630877574.00037,2.25362343299069e-07
1630877574.10033,7.61549096348815e-07
1630877574.20029,8.91455863803828e-07
1630877574.30025,1.62570090201251e-06
1630877574.40021,1.12582799545559e-06
1630877574.50017,1.22854496334008e-06
1630877574.60013,4.29203316284551e-07
1630877574.70009,2.95546920173418e-07
1630877574.80005,1.7084104886442e-07
1630877574.90001,3.31873932741224e-07
1630877574.99997,9.73788333326005e-07
1630877575.09993,4.2323399372203e-06
1630877575.20072,8.75471439509604e-06
1630877575.30068,7.42564906036352e-06
1630877575.40064,4.27011390829186e-06
1630877575.5006,2.26618883353047e-06
1630877575.60056,5.82755058451832e-07
1630877575.70052,3.48257157478102e-07
1630877575.80048,1.45518335781762e-06
1630877575.90044,3.98087051388925e-06
1630877576.0004,4.51755890714201e-06
1630877576.10036,7.63042370550383e-06
1630877576.20032,7.8418930253268e-06
1630877576.30028,4.43608931933534e-06
1630877576.40024,5.7184872329663e-07
1630877576.5002,1.39881697060704e-07
1630877576.60016,4.75320494452689e-07
1630877576.70012,1.49529338234043e-06
1630877576.80008,1.49569561324284e-06
1630877576.90004,9.96184211280074e-07
1630877577,3.42444188941026e-07
1630877577.09996,5.97071744371665e-07
1630877577.20076,8.03081417140713e-07
1630877577.30072,1.00898235964584e-06
1630877577.40068,1.75142339460358e-06
1630877577.50064,2.67377473171637e-06
1630877577.6006,3.60652901397477e-06
1630877577.70056,4.32342384960015e-06
1630877577.80052,3.68812253308407e-06
1630877577.90048,2.55105060143756e-06
1630877578.00044,1.85776447131959e-06
1630877578.1004,2.46965901879546e-06
1630877578.20036,2.18920365964501e-06
1630877578.30032,1.28381932074661e-06
1630877578.40028,4.29129949679528e-07
1630877578.50024,5.49183625382679e-07
1630877578.6002,6.66468849318191e-07
1630877578.70016,1.22142536863042e-06
1630877578.80012,2.60219616096722e-06
1630877578.90008,3.30166324523306e-06
1630877579.00004,1.52558072189038e-06
1630877579.1,2.22640746216494e-06
1630877579.19996,0.00200159296160914
1630877579.30075,0.000656935248508919
1630877579.40071,0.000253140534136153
1630877579.50067,0.000405132235103817
1630877579.60063,0.000459425913206258
1630877579.70059,0.00068874290715019
1630877579.80055,0.000689568800628523
1630877579.90051,0.00130248605240416
1630877580.00047,0.00136472896435051
1630877580.10043,0.00142319062919837
1630877580.20039,0.000721511519707273
1630877580.30035,0.000332563587674076
1630877580.40031,0.000129657233066712
1630877580.50027,0.000127787455991134
1630877580.60023,6.74941594103538e-05
1630877580.70019,6.15539647132436e-05
1630877580.80015,2.5902570165093e-05
1630877580.90011,8.24553968669748e-06
1630877581.00007,5.4893531423337e-07
1630877581.10003,1.23325746509328e-05
1630877581.19999,3.29815917205034e-05
1630877581.29995,5.65843371917573e-05
1630877581.40074,2.92045520210351e-05
1630877581.5007,3.64855025335598e-05
1630877581.60066,9.88032792581665e-05
1630877581.70062,0.000216881554680013
1630877581.80058,0.000178605811017381
1630877581.90054,0.000206281489090718
1630877582.0005,0.000183471227516646
1630877582.10046,0.000206282084853524
1630877582.20042,9.71413624958329e-05
1630877582.30038,3.41929260993929e-05
1630877582.40034,5.15511846778745e-06
1630877582.5003,1.56655189528824e-07
1630877582.60026,9.47119985353162e-06
1630877582.70022,5.85572997705909e-07
1630877582.80018,1.33620767685061e-06
1630877582.90014,2.13073641256643e-05
1630877583.0001,5.56235060513346e-05
1630877583.10006,7.11302321904728e-05
1630877583.20002,2.50264116067268e-05
1630877583.29998,4.28623605676663e-05
1630877583.39994,5.73125790825712e-05
1630877583.50074,7.02764195555067e-05
1630877583.6007,5.6597676277067e-05
1630877583.70066,1.64125775498454e-05
1630877583.80062,6.8569260208409e-06
1630877583.90058,1.08849722497841e-10
1630877584.00054,1.29673301902422e-05
1630877584.1005,7.48932177747064e-06
1630877584.20046,3.94434866503461e-06
1630877584.30042,2.71337090390138e-09
1630877584.40038,3.64455424528518e-07
1630877584.50034,1.44530762999764e-05
1630877584.6003,1.75356864433076e-05
1630877584.70026,2.0401220887136e-05
1630877584.80022,2.30074640532669e-05
1630877584.90018,4.02778592425955e-05
1630877585.00014,4.00831745331968e-05
1630877585.1001,3.48881259304697e-05
1630877585.20006,2.84124471364784e-05
1630877585.30002,2.52132598346038e-05
1630877585.39998,1.21563743673164e-05
1630877585.49994,1.18829291658417e-05
1630877585.60073,1.16174672393853e-05
1630877585.70069,1.21219670169734e-06
1630877585.80065,9.3905878715664e-06
1630877585.90061,1.65665156433628e-05
1630877586.00057,9.02675174042682e-06
1630877586.10053,9.02217085184723e-07
1630877586.20049,1.30999142110285e-05
1630877586.30045,2.35433345377165e-05
1630877586.40041,4.96237131952711e-05
1630877586.50037,6.20035407679074e-05
1630877586.60033,9.0589098699349e-05
1630877586.70029,9.41509150808894e-05
1630877586.80025,7.82985708626824e-05
1630877586.90021,6.26970864496282e-05
1630877587.00017,5.29244447972236e-05
1630877587.10013,5.85285129133791e-05
1630877587.20009,2.44134957414089e-05
1630877587.30005,1.28997158176271e-05
1630877587.40001,1.26148006006403e-05
1630877587.49997,2.1203309212049e-05
1630877587.59993,5.33935409286964e-05
1630877587.70072,4.40119804028019e-05
1630877587.80068,8.95419687365195e-06
1630877587.90064,3.61574339805641e-06
1630877588.0006,8.66315631262252e-06
1630877588.10056,7.58990208443663e-06
1630877588.20052,7.57285798226766e-06
1630877588.30048,2.90485320910052e-06
1630877588.40044,3.83420666391605e-06
1630877588.5004,1.57038128508174e-05
1630877588.60036,5.84066097595661e-05
1630877588.70032,7.97390246914147e-05
1630877588.80028,7.01307311696127e-05
1630877588.90024,2.47199993046171e-05
1630877589.0002,3.67646476615564e-06
1630877589.10016,1.237588467389e-05
1630877589.20012,2.91215614683436e-05
1630877589.30008,5.05608158605759e-05
1630877589.40004,4.50134220681786e-05
1630877589.5,5.15456570365261e-05
1630877589.59996,2.27636156393418e-05
1630877589.70076,3.02314736138088e-05
1630877589.80072,1.72898445114758e-05
1630877589.90068,9.11661817121259e-06
1630877590.00064,3.63964259518148e-06
1630877590.1006,1.4672231051115e-05
1630877590.20056,3.11708783490679e-05
1630877590.30052,4.7477353892717e-05
1630877590.40048,4.0547512155149e-05
1630877590.50044,3.66222192338252e-05
1630877590.6004,2.34058893112629e-05
1630877590.70036,7.47837425379874e-06
1630877590.80032,9.28114851472435e-07
1630877590.90028,1.39435325237996e-06
1630877591.00024,1.46940609297413e-05
1630877591.1002,4.84136217182093e-05
1630877591.20016,6.41987731393496e-05
1630877591.30012,5.37507250196399e-05
1630877591.40008,3.56351258597506e-05
1630877591.50004,1.52880725062132e-05
1630877591.6,1.35639036174279e-05
1630877591.69996,1.67598771381942e-05
1630877591.80075,7.7291043699763e-06
1630877591.90071,8.39166164306784e-07
1630877592.00067,4.55588694632927e-06
1630877592.10063,1.01660545495531e-05
1630877592.20059,1.74577999476517e-05
1630877592.30055,1.68500259753984e-05
1630877592.40051,5.1544087884268e-06
1630877592.50047,1.11108161066343e-09
1630877592.60043,1.26229443508311e-06
1630877592.70039,4.17778109032039e-06
1630877592.80035,1.88677039413987e-06
1630877592.90031,1.22830136727358e-05
1630877593.00027,1.75616618862783e-05
1630877593.10023,1.52922023076416e-05
1630877593.20019,4.4486643523899e-06
1630877593.30015,2.05314451089472e-06
1630877593.40011,7.59012690870624e-07
1630877593.50007,3.29926535693639e-06
1630877593.60003,3.64847731456675e-06
1630877593.69999,1.66968731302152e-06
1630877593.79995,6.10201602448205e-07
1630877593.90074,1.11844379065612e-06
1630877594.0007,8.62608064181542e-06
1630877594.10066,4.67982488518374e-05
1630877594.20062,8.86328639730913e-05
1630877594.30058,9.83408555683157e-05
1630877594.40054,7.73896392432506e-05
1630877594.5005,5.08339000245588e-05
1630877594.60046,2.39231637277258e-05
1630877594.70042,1.25127141713977e-05
1630877594.80038,1.00910494646316e-05
1630877594.90034,7.47398198266446e-06
1630877595.0003,2.80375975694587e-06
1630877595.10026,1.16089014549333e-08
1630877595.20022,3.49799571400691e-06
1630877595.30018,8.12141192948941e-06
1630877595.40014,8.19867167151469e-06
1630877595.5001,2.32740027496315e-06
1630877595.60006,1.34592343889626e-06
1630877595.70002,3.990028278693e-09
1630877595.79998,1.77337982135966e-06
1630877595.89994,3.63034613373069e-08
1630877596.00073,6.09156193202579e-07
1630877596.10069,9.09498523408868e-06
1630877596.20065,1.2082011620982e-05
1630877596.30061,1.66945776046602e-05
1630877596.40057,2.73594102366034e-05
1630877596.50053,3.95842037902406e-05
1630877596.60049,2.510793645571e-05
1630877596.70045,2.17798447471179e-05
1630877596.80041,8.86102521721825e-06
1630877596.90037,4.26533642160583e-06
1630877597.00033,1.6719537861579e-06
1630877597.10029,3.6141396779725e-06
1630877597.20025,2.3875079328502e-06
1630877597.30021,4.36171337496236e-06
1630877597.40017,1.65892439142101e-06
1630877597.50013,5.30663216626092e-07
1630877597.60009,2.27152768151996e-08
1630877597.70005,2.69748033932702e-06
1630877597.80001,7.10522231856357e-06
1630877597.89997,2.35216153788883e-05
1630877597.99993,2.31412142542632e-05
1630877598.10073,1.23969172479349e-05
1630877598.20069,2.86093318152688e-06
1630877598.30065,2.19511259430213e-07
1630877598.40061,9.00293206353618e-06
1630877598.50057,8.74108358529013e-06
1630877598.60053,1.29902161879445e-05
1630877598.70049,9.13012390004855e-06
1630877598.80045,6.29281924877781e-06
1630877598.90041,4.03905313944883e-07
1630877599.00037,7.11856646578794e-07
1630877599.10033,4.82967057314537e-06
1630877599.20029,2.05946925175824e-06
1630877599.30025,9.49845792533222e-08
1630877599.40021,2.06946920223043e-06
1630877599.50017,2.9211124892656e-06
1630877599.60013,1.02831749701592e-05
1630877599.70009,6.04358251500608e-06
1630877599.80005,3.64313787071074e-06
1630877599.90001,5.35938031562342e-07
1630877599.99997,1.74105601203559e-07
1630877600.09993,3.01273974194687e-07
1630877600.20072,4.33907398570419e-08
1630877600.30068,1.4434556554035e-06
1630877600.40064,1.85220674484623e-06
1630877600.5006,2.24926259909892e-06
1630877600.60056,8.90576073990645e-06
1630877600.70052,2.31134172702522e-05
1630877600.80048,4.00369246587652e-05
1630877600.90044,3.31770150807985e-05
1630877601.0004,1.52605639624395e-05
1630877601.10036,5.92044271445986e-06
1630877601.20032,1.17562823491344e-06
1630877601.30028,1.41023583119667e-06
1630877601.40024,3.790307576346e-06
1630877601.5002,3.68117696104403e-06
1630877601.60016,4.39925721309716e-07
1630877601.70012,2.25778830940458e-06
1630877601.80008,7.12605368471807e-06
1630877601.90004,1.40248246001319e-05
1630877602,8.18291618758093e-06
1630877602.09996,1.1041605294205e-05
1630877602.20075,3.35122482983496e-06
1630877602.30071,3.16599544162576e-06
1630877602.40067,9.51519202637682e-07
1630877602.50063,2.24558060995317e-06
1630877602.60059,1.6365025810308e-06
1630877602.70055,3.37809547298164e-06
1630877602.80051,3.10093747325095e-07
1630877602.90047,3.49996443518636e-06
1630877603.00043,5.41693286765348e-06
1630877603.10039,4.65524714382457e-06
1630877603.20035,2.14194679329461e-06
1630877603.30031,6.03832280757626e-07
1630877603.40027,9.69955452409874e-07
1630877603.50023,3.68171185957801e-06
1630877603.60019,2.28523297107955e-06
1630877603.70015,2.6625023075551e-07
1630877603.80011,1.14525927064093e-06
1630877603.90007,5.82976408870193e-06
1630877604.00003,9.06606464933211e-06
1630877604.09999,2.92648836389905e-06
1630877604.19995,2.02074003187822e-07
1630877604.30075,1.6543023797747e-06
1630877604.40071,2.080308792714e-06
1630877604.50067,5.25293715858669e-08
1630877604.60063,2.44948301619923e-07
1630877604.70059,3.53459487343715e-06
1630877604.80055,1.34815067754643e-05
1630877604.90051,4.81996469739875e-05
1630877605.00047,9.35083564083338e-05
1630877605.10043,0.000101164388800922
1630877605.20039,3.4267236620424e-05
1630877605.30035,1.76432838123446e-06
1630877605.40031,4.64945190717758e-06
1630877605.50027,8.99342721538022e-06
1630877605.60023,3.78043487330936e-06
1630877605.70019,6.38507739921389e-07
1630877605.80015,2.26615713757506e-05
1630877605.90011,6.36763182014627e-05
1630877606.00007,7.20439567582756e-05
1630877606.10003,7.48606402458124e-06
1630877606.19999,2.20620649072797e-05
1630877606.29995,8.64052316065573e-05
1630877606.40074,8.89376618342902e-05
1630877606.5007,4.79777815712725e-05
1630877606.60066,1.54986368778573e-06
1630877606.70062,6.55768926861632e-05
1630877606.80058,0.000222703294779853
1630877606.90054,0.000322880282561544
1630877607.0005,0.000212961639925959
1630877607.10046,4.43550103681687e-05
1630877607.20042,2.78166075469364e-06
1630877607.30038,4.55634540947401e-05
1630877607.40034,6.36222554887418e-05
1630877607.5003,3.43684240829867e-05
1630877607.60026,1.32474357281166e-05
1630877607.70022,1.14235967500241e-06
1630877607.80018,4.8307176437584e-07
1630877607.90014,3.140699012569e-06
1630877608.0001,8.16263005825278e-06
1630877608.10006,1.06875658366691e-05
1630877608.20002,5.9312187058887e-06
1630877608.29998,2.97167246523795e-06
1630877608.39994,2.87186548634812e-07
1630877608.50073,3.96293829540757e-09
1630877608.60069,5.76297287752977e-09
1630877608.70065,1.19891973611816e-11
1630877608.80061,5.37652677811097e-09
1630877608.90057,1.44672775584398e-06
1630877609.00053,2.4732270228132e-06
1630877609.10049,6.56734672499411e-07
1630877609.20045,5.4496687017949e-07
1630877609.30041,1.34550722557005e-06
1630877609.40037,2.01176743524143e-06
1630877609.50033,2.63310656499531e-06
1630877609.60029,1.08974663815137e-07
1630877609.70025,9.07007229415584e-07
1630877609.80021,3.83825343098601e-06
1630877609.90017,1.79971723081187e-05
1630877610.00013,1.70574151386347e-05
1630877610.10009,2.05723043977971e-06
1630877610.20005,5.63296498714594e-06
1630877610.30001,2.50180684565765e-05
1630877610.39997,3.98722042559495e-05
1630877610.49993,3.54063661597807e-05
1630877610.60073,3.24174066906108e-05
1630877610.70069,1.94181887359093e-05
1630877610.80065,6.99631450197466e-06
1630877610.90061,1.36326049365718e-07
1630877611.00057,1.74239620582805e-06
1630877611.10053,3.2950706867191e-06
1630877611.20049,3.08888075763954e-06
1630877611.30045,4.73551905499576e-06
1630877611.40041,3.86283730138098e-06
1630877611.50037,7.37907017466018e-06
1630877611.60033,8.71139418830333e-06
1630877611.70029,2.13810928662546e-05
1630877611.80025,1.57498004533635e-05
1630877611.90021,6.04438565655537e-06
1630877612.00017,2.41075396657901e-08
1630877612.10013,5.45837652967642e-06
1630877612.20009,8.66608049749508e-06
1630877612.30005,6.29192221309178e-06
1630877612.40001,2.76179062174488e-06
1630877612.49997,1.52497083856363e-07
1630877612.59993,1.94612889869123e-08
1630877612.70072,1.47682789035611e-06
1630877612.80068,1.24265580115051e-06
1630877612.90064,1.23389667182695e-06
1630877613.0006,3.62990641473832e-08
1630877613.10056,1.142554368394e-07
1630877613.20052,3.7859092755067e-07
1630877613.30048,2.49654391479487e-07
1630877613.40044,1.58312353181765e-07
1630877613.5004,1.08716299735376e-05
1630877613.60036,3.99084197899763e-05
1630877613.70032,3.97707303434953e-05
1630877613.80028,3.7031820358133e-06
1630877613.90024,4.64696281254504e-06
1630877614.0002,2.18624380387857e-05
1630877614.10016,2.03586705826098e-05
1630877614.20012,1.45296496686131e-05
1630877614.30008,1.31171323315557e-06
1630877614.40004,1.90457046468058e-08
1630877614.5,1.50816482352341e-05
1630877614.59996,5.5983780825803e-05
1630877614.70075,7.90691080413474e-05
1630877614.80071,2.21004022926579e-05
1630877614.90067,1.20083695370141e-06
1630877615.00063,3.76589072617141e-05
1630877615.10059,5.23158037987024e-05
1630877615.20055,3.37664032873392e-05
1630877615.30051,6.54079869189043e-06
1630877615.40047,4.63488322116053e-07
1630877615.50043,7.00241257535337e-06
1630877615.60039,3.47312739978762e-05
1630877615.70035,3.59215473668968e-05
1630877615.80031,8.25915932172604e-06
1630877615.90027,6.90199785063483e-07
1630877616.00023,2.79791060491445e-07
1630877616.10019,6.2050970181996e-07
1630877616.20015,1.43232733419883e-09
1630877616.30011,1.08061611035532e-06
1630877616.40007,2.04310950716191e-06
1630877616.50003,1.73037341924482e-06
1630877616.59999,1.67756973520308e-06
1630877616.69995,1.63049557357099e-06
1630877616.80074,5.55449904389698e-07
1630877616.9007,2.81961695358441e-06
1630877617.00066,9.99833466284597e-07
1630877617.10062,8.72943467079397e-07
1630877617.20058,2.20548789131144e-08
1630877617.30054,1.50975524383452e-09
1630877617.4005,9.99443140855879e-07
1630877617.50046,2.08336847441953e-06
1630877617.60042,6.30923773825219e-07
1630877617.70038,1.0353647914415e-07
1630877617.80034,2.35779861495898e-11
1630877617.9003,1.23214329142017e-06
1630877618.00026,2.35990585239782e-06
1630877618.10022,3.57630334261227e-06
1630877618.20018,1.56446423724219e-06
1630877618.30014,1.46713485736415e-06
1630877618.4001,1.13730742993208e-07
1630877618.50006,1.4805151971998e-06
1630877618.60002,3.59438000596739e-07
1630877618.69998,1.82246638648189e-07
1630877618.79994,1.87614259910743e-06
1630877618.90074,3.29687612956167e-06
1630877619.0007,3.11882226279758e-06
1630877619.10066,2.7014496137277e-06
1630877619.20062,1.07308860924687e-06
1630877619.30058,2.70238059668429e-07
1630877619.40054,1.8239858262713e-07
1630877619.5005,1.78823452620676e-07
1630877619.60046,2.47137349051424e-07
1630877619.70042,1.60890089549657e-06
1630877619.80038,2.22112133932388e-06
1630877619.90034,6.89968734324805e-07
1630877620.0003,7.23116431788398e-08
1630877620.10026,4.9031646019732e-07
1630877620.20022,1.20691301404262e-06
1630877620.30018,2.04392948480753e-06
1630877620.40014,3.16229809716526e-06
1630877620.5001,4.5894853673726e-06
1630877620.60006,1.0965811255334e-06
1630877620.70002,2.06858924146153e-06
1630877620.79998,5.0750947784912e-06
1630877620.89994,8.59245319876125e-06
1630877621.00073,6.70338775331208e-06
1630877621.10069,5.58477975101402e-06
1630877621.20065,3.07142596939195e-06
1630877621.30061,4.22250241850478e-06
1630877621.40057,3.02587927379475e-06
1630877621.50053,4.09186150638952e-06
1630877621.60049,2.86347418251754e-06
1630877621.70045,1.96158708639742e-06
1630877621.80041,5.41400561785248e-08
1630877621.90037,2.6058982969649e-06
1630877622.00033,3.83819274226776e-06
1630877622.10029,1.83364098508376e-06
1630877622.20025,1.55212584074596e-06
1630877622.30021,6.90860563874138e-08
1630877622.40017,2.33120442131873e-06
1630877622.50013,1.4729410608279e-05
1630877622.60009,9.19976762816623e-06
1630877622.70005,4.99995619108875e-07
1630877622.80001,4.61718221138431e-06
1630877622.89997,5.69350594673016e-06
1630877622.99993,4.72031884318721e-06
1630877623.10072,1.06101091512226e-06
1630877623.20068,1.99995641425335e-06
1630877623.30064,1.39992217242949e-06
1630877623.4006,1.38575233685788e-07
1630877623.50056,1.41625036604258e-05
1630877623.60052,1.9177977129787e-05
1630877623.70048,2.50129127796891e-07
1630877623.80044,2.35860040460908e-05
1630877623.9004,7.19164266928836e-05
1630877624.00036,7.43703882498543e-05
1630877624.10032,3.88358522628176e-05
1630877624.20028,8.48281372207761e-06
1630877624.30024,2.39543865682537e-09
1630877624.4002,7.89210254875686e-07
1630877624.50016,1.60828887248547e-06
1630877624.60012,5.18053020418329e-07
1630877624.70008,4.50528720965693e-09
1630877624.80004,1.41914098108265e-06
1630877624.9,6.35971929612975e-07
1630877624.99996,3.171218387648e-09
1630877625.10076,9.44540722971954e-07
1630877625.20072,9.64820168372454e-07
1630877625.30068,2.12082783034753e-06
1630877625.40064,2.92424380846764e-06
1630877625.5006,3.66613958512087e-06
1630877625.60056,1.49122574728996e-06
1630877625.70052,1.98646321904178e-06
1630877625.80048,2.42289489096662e-06
1630877625.90044,4.84879245527046e-06
1630877626.0004,3.82082584680143e-06
1630877626.10036,9.7353718655051e-06
1630877626.20032,3.90882888055321e-05
1630877626.30028,7.60706641063733e-05
1630877626.40024,3.12836636485783e-05
1630877626.5002,2.60299631665236e-07
1630877626.60016,1.74327216990708e-05
1630877626.70012,3.34520397298656e-05
1630877626.80008,3.09567975410456e-05
1630877626.90004,1.69832870702886e-05
1630877627,8.318723682698e-06
1630877627.09996,1.513165259659e-06
1630877627.20075,6.03400830616689e-08
1630877627.30071,2.22790257466574e-06
1630877627.40067,1.72887667082581e-06
1630877627.50063,6.00075443458434e-07
1630877627.60059,6.03060284405301e-08
1630877627.70055,3.24266471278387e-08
1630877627.80051,6.74721612062299e-08
1630877627.90047,2.44436371267797e-06
1630877628.00043,2.2051077670565e-05
1630877628.10039,4.70810739486221e-05
1630877628.20035,2.36673792929526e-05
1630877628.30031,1.94139212660826e-09
1630877628.40027,3.42600838484257e-05
1630877628.50023,7.01377033606053e-05
1630877628.60019,8.11121831949086e-05
1630877628.70015,2.86237161520899e-05
1630877628.80011,4.20267953186227e-07
1630877628.90007,9.0682295721944e-06
1630877629.00003,1.75468613505512e-05
1630877629.09999,1.38088118197423e-05
1630877629.19995,4.40184765585154e-06
1630877629.30074,4.97716637693516e-06
1630877629.4007,3.0454382827499e-06
1630877629.50066,3.10531784604158e-06
1630877629.60062,1.91607557482954e-06
1630877629.70058,4.57185513533531e-07
1630877629.80054,1.39991336688108e-07
1630877629.9005,1.99149437490565e-07
1630877630.00046,4.19451709922523e-07
1630877630.10042,2.03319092696144e-07
1630877630.20038,2.43452452413623e-08
1630877630.30034,5.29461408116286e-07
1630877630.4003,1.30924239056708e-06
1630877630.50026,3.73109625428525e-07
1630877630.60022,1.07820596853098e-06
1630877630.70018,3.37496134212385e-06
1630877630.80014,8.67381794526854e-06
1630877630.9001,6.8592758176054e-06
1630877631.00006,4.11484300211875e-06
1630877631.10002,1.17876394725213e-06
1630877631.19998,1.05605844403688e-06
1630877631.29994,1.62943718858647e-06
1630877631.40074,2.18339625806161e-06
1630877631.5007,6.69118333919497e-10
1630877631.60066,1.13334891795972e-08
1630877631.70062,2.96881194449849e-07
1630877631.80058,1.64101464735117e-06
1630877631.90054,2.33354012052775e-06
1630877632.0005,2.03936453467294e-06
1630877632.10046,8.19419806508329e-07
1630877632.20042,2.12344257919697e-07
1630877632.30038,3.19784464321566e-10
1630877632.40034,7.67039516982792e-07
1630877632.5003,3.85122793051943e-06
1630877632.60026,4.57442526367532e-06
1630877632.70022,3.65539696443547e-06
1630877632.80018,1.81459596433575e-06
1630877632.90014,5.00076526122357e-09
1630877633.0001,1.14711993551031e-06
1630877633.10006,1.69129265011045e-06
1630877633.20002,9.90018302258807e-09
1630877633.29998,1.47707952611543e-06
1630877633.39994,7.34866309452169e-06
1630877633.50073,9.62964018526206e-06
1630877633.60069,7.24354949703693e-06
1630877633.70065,1.23330498955464e-06
1630877633.80061,5.42555711152936e-08
1630877633.90057,3.35498983707145e-07
1630877634.00053,4.52057545365373e-08
1630877634.10049,8.22141329966428e-09
1630877634.20045,9.60186739854198e-08
1630877634.30041,1.29583599774937e-06
1630877634.40037,8.42943098482599e-07
1630877634.50033,7.33758389444586e-07
1630877634.60029,6.43750525359963e-07
1630877634.70025,1.2372470982284e-06
1630877634.80021,2.68555817276455e-08
1630877634.90017,2.0086574648019e-08
1630877635.00013,4.32248931150973e-07
1630877635.10009,3.01685140611085e-07
1630877635.20005,1.51774100272867e-06
1630877635.30001,3.60704481523919e-07
1630877635.39997,2.32033864732936e-07
1630877635.49993,9.66213504773418e-08
1630877635.60072,1.00276698822191e-06
1630877635.70068,7.52495356951622e-07
1630877635.80064,6.63967677900664e-07
1630877635.9006,1.71674358231213e-07
1630877636.00056,2.83689365828398e-09
1630877636.10052,1.49137462329822e-06
1630877636.20048,8.94275401126612e-07
1630877636.30044,1.72207997696042e-07
1630877636.4004,1.45362115847583e-07
1630877636.50036,4.338443712533e-09
1630877636.60032,1.96752559142546e-07
1630877636.70028,1.80537513377293e-07
1630877636.80024,1.19391986053493e-06
1630877636.9002,4.26136261638673e-06
1630877637.00016,4.70942135272479e-06
1630877637.10012,3.5961438423388e-06
1630877637.20008,1.70231002196283e-06
1630877637.30004,1.32056239815923e-06
1630877637.4,8.97332800935922e-07
1630877637.49996,1.25088736563016e-06
1630877637.60075,5.97403715079869e-09
1630877637.70071,4.60645224954891e-07
1630877637.80067,3.79069119155341e-07
1630877637.90063,3.13189122276838e-07
1630877638.00059,7.351098654078e-07
1630877638.10055,1.66821887577406e-07
1630877638.20051,1.93421047661957e-07
1630877638.30047,1.25947831458244e-07
1630877638.40043,4.58241006018021e-07
1630877638.50039,8.92778534075755e-07
1630877638.60035,4.01153312212939e-09
1630877638.70031,5.55428771529617e-07
1630877638.80027,2.03187247803093e-06
1630877638.90023,7.97931151025494e-07
1630877639.00019,9.01250155633481e-09
1630877639.10015,8.78634828825132e-08
1630877639.20011,7.92451409991641e-08
1630877639.30007,4.20003893026294e-08
1630877639.40003,3.75926351601956e-07
1630877639.49999,1.53337962579931e-06
1630877639.59995,1.82315164544801e-06
1630877639.70075,6.56545280623634e-07
1630877639.80071,1.20580929941985e-06
1630877639.90067,1.6180703218443e-06
1630877640.00063,1.00734061393099e-06
1630877640.10059,4.02626151180122e-10
1630877640.20055,6.65067322716626e-07
1630877640.30051,3.46492222399533e-06
1630877640.40047,3.7163597735109e-06
1630877640.50043,2.86494504378706e-06
1630877640.60039,3.30378476522746e-12
1630877640.70035,4.75052993638711e-07
1630877640.80031,1.75859864271147e-06
1630877640.90027,7.01090802550302e-07
1630877641.00023,3.96800163405192e-10
1630877641.10019,2.16822596328668e-06
1630877641.20015,5.39951219326852e-06
1630877641.30011,9.54242330999633e-06
